<?xml version="1.0" encoding="utf-8" ?>
<manifest>
  <control namespace="AquistionTest" constructor="AquistitionTest" version="0.0.5" display-name-key="AquisitionTest" description-key="AquistitionTest description" control-type="standard" >
  
    <external-service-usage enabled="false">
      <!--UNCOMMENT TO ADD EXTERNAL DOMAINS
      <domain></domain>
      <domain></domain>
      -->
    </external-service-usage>
    <!-- property node identifies a specific, configurable piece of data that the control expects from CDS -->
    <property name="sampleProperty" display-name-key="sampleProperty" description-key="Property_Desc_Key" of-type="SingleLine.Text" usage="bound" required="true" />
	  <property name="CRMurl" display-name-key="CRMurl" description-key="Property_Desc_Key" of-type="SingleLine.Text" usage="input" required="false" />
	  <property name="OrganizationGuid" display-name-key="OrganizationGuid" description-key="Enter field for Opportunity ID" of-type="SingleLine.Text" usage="input" required="false" />

	
	 
    <resources>
      <code path="index.ts" order="1"/>
		<css path="css/StyleSheet.css" order="1" />
		<img path="images/personContact.png"></img>
     
    </resources>
    
    <feature-usage>
     <uses-feature name="Utility" required="true" />
      <uses-feature name="WebAPI" required="true" />
    </feature-usage>
  </control>
</manifest>